<?xml version="1.0" encoding="UTF-8"?>
<project-private xmlns="http://www.netbeans.org/ns/project-private/1">
    <editor-bookmarks xmlns="http://www.netbeans.org/ns/editor-bookmarks/2" lastBookmarkId="0"/>
    <open-files xmlns="http://www.netbeans.org/ns/projectui-open-files/2">
        <group>
            <file>file:/C:/Users/jude/Documents/NetBeansProjects/School%20Management%20System%20Code/src/GUI/MainMenu.java</file>
            <file>file:/C:/Users/jude/Documents/NetBeansProjects/School%20Management%20System%20Code/src/GUI/Connect.java</file>
            <file>file:/C:/Users/jude/Documents/NetBeansProjects/School%20Management%20System%20Code/src/GUI/SForm.java</file>
            <file>file:/C:/Users/jude/Documents/NetBeansProjects/School%20Management%20System%20Code/src/GUI/StudForm.java</file>
            <file>file:/C:/Users/jude/Documents/NetBeansProjects/School%20Management%20System%20Code/src/GUI/staff.java</file>
            <file>file:/C:/Users/jude/Documents/NetBeansProjects/School%20Management%20System%20Code/src/GUI/StudentForm.java</file>
            <file>file:/C:/Users/jude/Documents/NetBeansProjects/School%20Management%20System%20Code/src/GUI/Login.java</file>
            <file>file:/C:/Users/jude/Documents/NetBeansProjects/School%20Management%20System%20Code/src/GUI/TForm.java</file>
            <file>file:/C:/Users/jude/Documents/NetBeansProjects/School%20Management%20System%20Code/src/GUI/TeacherForm.java</file>
        </group>
    </open-files>
</project-private>
